Aman Sultan,Non-syed,5,11/23/2000,Male,Karachi,Pakistan,123456
Aun Ali Rizvi,Syed,7,11/23/2000,Male,Karachi,Pakistan,123556
Aman Sultan,Non-syed,5,11/23/2000,Male,Karachi,Pakistan,123656
Aman Sultan,Non-syed,8,11/23/2000,Male,Karachi,Pakistan,123756
Aman Sultan,Non-syed,5,11/23/2000,Male,Karachi,Pakistan,123856
Aman Sultan,Non-syed,5,11/23/2000,Male,Karachi,Pakistan,123956
Aman Sultan,Non-syed,8,11/23/2000,Male,Karachi,Pakistan,124056
Aman Sultan,Non-syed,5,11/23/2000,Male,Karachi,Pakistan,124156
Aman Sultan,Non-syed,5,11/23/2000,Male,Karachi,Pakistan,124256
Aman Sultan,Non-syed,5,11/23/2000,Male,Karachi,Pakistan,124356
Aman Sultan,Non-syed,5,11/23/2000,Male,Karachi,Pakistan,124456
Aman Sultan,Non-syed,5,11/23/2000,Male,Karachi,Pakistan,124556
Aman Sultan,Syed,5,11/23/2000,Male,Karachi,Pakistan,124656
Aman Sultan,Syed,5,11/23/2000,Female,Karachi,Pakistan,124756
Aman Sultan,Syed,5,11/23/2000,Female,Karachi,Pakistan,124856
Aman Sultan,Syed,9,11/23/2000,Female,Karachi,Pakistan,124956
Aman Sultan,Syed,5,11/23/2000,Female,Karachi,Pakistan,125056
Aman Sultan,Syed,5,11/23/2000,Female,Karachi,Pakistan,125156
Aman Sultan,Syed,9,11/23/2000,Female,Karachi,Pakistan,125256
Aman Sultan,Syed,9,11/23/2000,Female,Karachi,Pakistan,125356
Aman Sultan,Non-syed,9,11/23/2000,Female,Karachi,Pakistan,125456
Aman Sultan,Non-syed,9,11/23/2000,Female,Karachi,Pakistan,125556
Aman Sultan,Non-syed,5,11/23/2000,Female,Karachi,Pakistan,125656
Aman Sultan,Non-syed,5,11/23/2000,Female,Karachi,Pakistan,125756
Aman Sultan,Non-syed,5,11/23/2000,Female,Karachi,Pakistan,125856
Aman Sultan,Non-syed,5,11/23/2000,Female,Karachi,Pakistan,125956
Aman Sultan,Non-syed,5,11/23/2000,Female,Karachi,Pakistan,126056
Aman Sultan,Non-syed,5,11/23/2000,Female,Karachi,Pakistan,126156
Aman Sultan,Syed,5,11/23/2000,Female,Karachi,Pakistan,126256
Aman Sultan,Syed,10,11/23/2000,Female,Karachi,Pakistan,126356
Aman Sultan,Syed,10,11/23/2000,Female,Karachi,Pakistan,126456
Aman Sultan,Syed,10,11/23/2000,Female,Karachi,Pakistan,126556
Aman Sultan,Syed,10,11/23/2000,Female,Karachi,Pakistan,126656
Aman Sultan,Syed,10,11/23/2000,Male,Karachi,Pakistan,126756
Aman Sultan,Syed,5,11/23/2000,Male,Karachi,Pakistan,126856
Aman Sultan,Non-syed,5,11/23/2000,Male,Karachi,Pakistan,126956
Aman Sultan,Non-syed,6,11/23/2000,Male,Karachi,Pakistan,127056
Aman Sultan,Non-syed,6,11/23/2000,Male,Karachi,Pakistan,127156
Aman Sultan,Non-syed,6,11/23/2000,Male,Karachi,Pakistan,127256
Aman Sultan,Non-syed,6,11/23/2000,Male,Karachi,Pakistan,127356
Aman Sultan,Non-syed,6,11/23/2000,Male,Karachi,Pakistan,127456
Aman Sultan,Non-syed,6,11/23/2000,Male,Karachi,Pakistan,127556
Aman Sultan,Non-syed,6,11/23/2000,Male,Karachi,Pakistan,127656
Aman Sultan,Non-syed,5,11/23/2000,Male,Karachi,Pakistan,127756
Aman Sultan,Non-syed,5,11/23/2000,Male,Karachi,Pakistan,127856
Aman Sultan,Non-syed,5,11/23/2000,Male,Karachi,Pakistan,127956
Aman Sultan,Non-syed,5,11/23/2000,Male,Karachi,Pakistan,128056
Aman Sultan,Non-syed,5,11/23/2000,Male,Karachi,Pakistan,128156
Aman Sultan,Non-syed,6,11/23/2000,Female,Karachi,Pakistan,128256
Aman Sultan,Non-syed,5,11/23/2000,Female,Karachi,Pakistan,128356
Aman Sultan,Non-syed,5,11/23/2000,Female,Karachi,Pakistan,128456
Aman Sultan,Non-syed,5,11/23/2000,Female,Karachi,Pakistan,128556
Aman Sultan,Non-syed,5,11/23/2000,Female,Karachi,Pakistan,128656
Aman Sultan,Non-syed,5,11/23/2000,Female,Karachi,Pakistan,128756
Aman Sultan,Non-syed,5,11/23/2000,Female,Karachi,Pakistan,128856
Aman Sultan,Non-syed,5,11/23/2000,Female,Karachi,Pakistan,128956
Aman Sultan,Non-syed,5,11/23/2000,Female,Karachi,Pakistan,129056
Aman Sultan,Non-syed,10,11/23/2000,Female,Karachi,Pakistan,129156
Aman Sultan,Non-syed,5,11/23/2000,Female,Karachi,Pakistan,129256
