Aman Sultan,Non-syed,5,11/23/2000,Male,Karachi,Pakistan,12345
Aun Ali Rizvi,Syed,7,11/23/2000,Male,Karachi,Pakistan,12346
Aman Sultan,Non-syed,5,11/23/2000,Male,Karachi,Pakistan,12347
Aman Sultan,Non-syed,8,11/23/2000,Male,Karachi,Pakistan,12348
Aman Sultan,Non-syed,5,11/23/2000,Male,Karachi,Pakistan,12349
Aman Sultan,Non-syed,5,11/23/2000,Male,Karachi,Pakistan,12350
Aman Sultan,Non-syed,8,11/23/2000,Male,Karachi,Pakistan,12351
Aman Sultan,Non-syed,5,11/23/2000,Male,Karachi,Pakistan,12352
Aman Sultan,Non-syed,5,11/23/2000,Male,Karachi,Pakistan,12353
Aman Sultan,Non-syed,5,11/23/2000,Male,Karachi,Pakistan,12354
Aman Sultan,Non-syed,5,11/23/2000,Male,Karachi,Pakistan,12355
Aman Sultan,Non-syed,5,11/23/2000,Male,Karachi,Pakistan,12356
Aman Sultan,Syed,5,11/23/2000,Male,Karachi,Pakistan,12357
Aman Sultan,Syed,5,11/23/2000,Female,Karachi,Pakistan,12358
Aman Sultan,Syed,5,11/23/2000,Female,Karachi,Pakistan,12359
Aman Sultan,Syed,9,11/23/2000,Female,Karachi,Pakistan,12360
Aman Sultan,Syed,5,11/23/2000,Female,Karachi,Pakistan,12361
Aman Sultan,Syed,5,11/23/2000,Female,Karachi,Pakistan,12362
Aman Sultan,Syed,9,11/23/2000,Female,Karachi,Pakistan,12363
Aman Sultan,Syed,9,11/23/2000,Female,Karachi,Pakistan,12364
Aman Sultan,Non-syed,9,11/23/2000,Female,Karachi,Pakistan,12365
Aman Sultan,Non-syed,9,11/23/2000,Female,Karachi,Pakistan,12366
Aman Sultan,Non-syed,5,11/23/2000,Female,Karachi,Pakistan,12367
Aman Sultan,Non-syed,5,11/23/2000,Female,Karachi,Pakistan,12368
Aman Sultan,Non-syed,5,11/23/2000,Female,Karachi,Pakistan,12369
Aman Sultan,Non-syed,5,11/23/2000,Female,Karachi,Pakistan,12370
Aman Sultan,Non-syed,5,11/23/2000,Female,Karachi,Pakistan,12371
Aman Sultan,Non-syed,5,11/23/2000,Female,Karachi,Pakistan,12372
Aman Sultan,Syed,5,11/23/2000,Female,Karachi,Pakistan,12373
Aman Sultan,Syed,10,11/23/2000,Female,Karachi,Pakistan,12374
Aman Sultan,Syed,10,11/23/2000,Female,Karachi,Pakistan,12375
Aman Sultan,Syed,10,11/23/2000,Female,Karachi,Pakistan,12376
Aman Sultan,Syed,10,11/23/2000,Female,Karachi,Pakistan,12377
Aman Sultan,Syed,10,11/23/2000,Male,Karachi,Pakistan,12378
Aman Sultan,Syed,5,11/23/2000,Male,Karachi,Pakistan,12379
Aman Sultan,Non-syed,5,11/23/2000,Male,Karachi,Pakistan,12380
Aman Sultan,Non-syed,6,11/23/2000,Male,Karachi,Pakistan,12381
Aman Sultan,Non-syed,6,11/23/2000,Male,Karachi,Pakistan,12382
Aman Sultan,Non-syed,6,11/23/2000,Male,Karachi,Pakistan,12383
Aman Sultan,Non-syed,6,11/23/2000,Male,Karachi,Pakistan,12384
Aman Sultan,Non-syed,6,11/23/2000,Male,Karachi,Pakistan,12385
Aman Sultan,Non-syed,6,11/23/2000,Male,Karachi,Pakistan,12386
Aman Sultan,Non-syed,6,11/23/2000,Male,Karachi,Pakistan,12387
Aman Sultan,Non-syed,5,11/23/2000,Male,Karachi,Pakistan,12388
Aman Sultan,Non-syed,5,11/23/2000,Male,Karachi,Pakistan,12389
Aman Sultan,Non-syed,5,11/23/2000,Male,Karachi,Pakistan,12390
Aman Sultan,Non-syed,5,11/23/2000,Male,Karachi,Pakistan,12391
Aman Sultan,Non-syed,5,11/23/2000,Male,Karachi,Pakistan,12392
Aman Sultan,Non-syed,6,11/23/2000,Female,Karachi,Pakistan,12393
Aman Sultan,Non-syed,5,11/23/2000,Female,Karachi,Pakistan,12394
Aman Sultan,Non-syed,5,11/23/2000,Female,Karachi,Pakistan,12395
Aman Sultan,Non-syed,5,11/23/2000,Female,Karachi,Pakistan,12396
Aman Sultan,Non-syed,5,11/23/2000,Female,Karachi,Pakistan,12397
Aman Sultan,Non-syed,5,11/23/2000,Female,Karachi,Pakistan,12398
Aman Sultan,Non-syed,5,11/23/2000,Female,Karachi,Pakistan,12399
Aman Sultan,Non-syed,5,11/23/2000,Female,Karachi,Pakistan,12400
Aman Sultan,Non-syed,5,11/23/2000,Female,Karachi,Pakistan,12401
Aman Sultan,Non-syed,10,11/23/2000,Female,Karachi,Pakistan,12402
Aman Sultan,Non-syed,5,11/23/2000,Female,Karachi,Pakistan,12403
